,Entity,Year,Emissions per kilogram,Eutrophication per kilogram,Land use per kilogram,Water scarcity per kilogram,Water withdrawals per kilogram,Label
0,Apples,2010,0.43,1.45,0.63,12948.6,180.1,Commodity
1,Bananas,2010,0.86,3.29,1.93,661.9,114.5,Commodity
2,Barley,2010,1.18,2.33,1.11,696.4,17.1,Commodity
3,Beef (beef herd),2010,99.48,301.41,326.21,34732.5,1451.2,Commodity
4,Beef (dairy herd),2010,33.3,365.29,43.24,119805.2,2714.3,Commodity
5,Beet Sugar,2010,1.81,5.41,1.83,9493.3,217.7,Commodity
6,Berries & Grapes,2010,1.53,6.12,2.41,21162.1,419.6,Commodity
7,Brassicas,2010,0.51,5.01,0.55,8455.1,119.4,Commodity
8,Cane Sugar,2010,3.2,16.92,2.04,16438.6,620.1,Commodity
9,Cassava,2010,1.32,0.69,1.81,0.0,0.0,Commodity
10,Cheese,2010,23.88,98.37,87.79,180850.6,5605.2,Commodity
11,Citrus Fruit,2010,0.39,2.24,0.86,4662.7,82.7,Commodity
12,Coffee,2010,28.53,110.52,21.62,337.0,25.9,Commodity
13,Dark Chocolate,2010,46.65,87.08,68.96,2879.2,540.6,Commodity
14,Eggs,2010,4.67,21.76,6.27,17982.7,577.7,Commodity
15,Fish (farmed),2010,13.63,235.12,8.41,41572.2,3691.3,Commodity
16,Groundnuts,2010,3.23,14.14,9.11,61797.9,1852.3,Commodity
17,Lamb & Mutton,2010,39.72,97.13,369.81,141925.0,1802.8,Commodity
18,Maize,2010,1.7,4.03,2.94,10863.3,215.7,Commodity
19,Milk,2010,3.15,10.65,8.95,19786.3,628.2,Commodity
20,Nuts,2010,0.43,19.15,12.96,229889.8,4133.8,Commodity
21,Oatmeal,2010,2.48,11.23,7.6,18786.2,482.4,Commodity
22,Onions & Leeks,2010,0.5,3.24,0.39,932.0,14.3,Commodity
23,Other Fruit,2010,1.05,2.43,0.89,9533.1,153.5,Commodity
24,Other Pulses,2010,1.79,17.08,15.57,22477.4,435.7,Commodity
25,Other Vegetables,2010,0.53,2.27,0.38,4911.4,102.5,Commodity
26,Peas,2010,0.98,7.52,7.46,27948.2,396.6,Commodity
27,Pig Meat,2010,12.31,76.38,17.36,66867.4,1795.8,Commodity
28,Potatoes,2010,0.46,3.48,0.88,2754.2,59.1,Commodity
29,Poultry Meat,2010,9.87,48.7,12.22,14177.9,660.0,Commodity
30,Prawns (farmed),2010,26.87,227.22,2.97,127259.0,3515.4,Commodity
31,Rice,2010,4.45,35.07,2.8,49576.3,2248.4,Commodity
32,Root Vegetables,2010,0.43,1.61,0.33,929.2,28.4,Commodity
33,Soy milk,2010,0.98,1.06,0.66,955.6,27.8,Commodity
34,Tofu,2010,3.16,6.16,3.52,5113.2,148.6,Commodity
35,Tomatoes,2010,2.09,7.51,0.8,5335.7,369.8,Commodity
36,Wheat & Rye,2010,1.57,7.16,3.85,33385.6,647.5,Commodity
37,Wine,2010,1.79,4.57,1.78,1149.3,78.9,Commodity
38,Ale,2022,0.48868986875,1.633119746875,0.811485184375,1891.148529625,49.402841640625,Specific Food Products
39,Almond butter,2022,0.3870113076923077,18.723074738461538,7.683045153846154,402211.9607692308,6846.472596923078,Specific Food Products
40,Almond milk,2022,0.6558875395161291,4.148875594354839,1.3701058564516129,99916.41729459676,1246.9737829725807,Specific Food Products
41,Almonds,2022,0.6023678597222223,18.59575452361111,8.230926805555555,372799.1010631944,6413.314596694445,Specific Food Products
42,Apple juice,2022,0.4583783999999999,1.91165741,0.66062946,3286.8296165,122.318340205,Specific Food Products
43,Apple pie,2022,1.2449736986040187,6.619579523850231,1.7651649809258605,8193.821802142626,396.3874492328507,Specific Food Products
44,Apples,2022,0.5073538973544973,1.2055796386243385,0.6689985968253969,2469.089299153439,90.3342268005291,Specific Food Products
45,Apricot jam,2022,1.3821050899999998,11.446766741666668,1.368510216666667,24526.64768666667,851.0487645500001,Specific Food Products
46,Asparagus,2022,0.9256918166666668,4.001619922222222,1.4017694694444445,25692.92859972222,310.51426297222224,Specific Food Products
47,Avocados,2022,0.921227093548387,2.671237738709677,1.2489312903225809,32696.893522580645,367.41429932258063,Specific Food Products
48,Bacon,2022,19.314209012302378,87.74693880857234,42.33222878321777,56859.51950384431,1649.7112903475854,Specific Food Products
49,Bagels,2022,0.8028126,6.05480783,2.26294722,7919.100246,291.3505735,Specific Food Products
50,Baguette,2022,0.9956444215686276,8.172196696078432,2.1990874039215687,9360.781796862744,345.30773029215686,Specific Food Products
51,Banana loaf,2022,1.868787355555556,9.28321537777778,3.2725560444444444,8368.774116666667,444.2256801111111,Specific Food Products
52,Bananas,2022,0.8733495729166667,3.4599889875,2.63982366875,331.9107443333333,52.05077934583333,Specific Food Products
53,Beans,2022,1.3733080129032258,10.768394025806453,17.068111412903228,0.6938741096774194,0.0837149354838709,Specific Food Products
54,Beef burger,2022,53.97637075589627,553.3784039139914,135.34711651402569,74017.89145289209,3492.0811416001734,Specific Food Products
55,Beef curry,2022,17.36872478560908,252.9238549380128,35.401983177499034,40380.56697603424,1800.8988631225166,Specific Food Products
56,Beef meatballs,2022,70.78747415036258,355.43232820236244,214.9953975422251,51943.57774983061,2227.9892438702245,Specific Food Products
57,Beef mince,2022,95.0345722731625,428.6949991828496,295.25354433350543,56773.19692243626,2493.946114362598,Specific Food Products
58,Beef noodles,2022,2.290114275,14.94879325,4.0816445,12893.176955,363.200418,Specific Food Products
59,Beef steak,2022,129.74771482600087,360.7287949292596,427.331125983305,48932.71274894278,1954.3529841239408,Specific Food Products
60,Beer,2022,0.6862832217391304,2.821157540217391,0.827887302173913,2643.6401333565213,122.41636800217393,Specific Food Products
61,Beetroot,2022,2.6582406426355467,8.856975535143322,4.093929838632002,292.20701918526606,11.21259708801148,Specific Food Products
62,Biscuits,2022,3.989250537349398,14.221803943373493,7.879322971084337,8143.742320843374,481.1757315903614,Specific Food Products
63,Blue cheese,2022,20.10575330625,67.501392575,23.8921457,39276.251266875,1895.34902125,Specific Food Products
64,Brazil nuts,2022,2.513051435714286,19.62164854285714,12.810535014285714,145555.7416642857,3270.798559285714,Specific Food Products
65,Bread,2022,0.8787608464606183,6.022548687936191,2.2412011,7726.0167181633105,241.91359511754732,Specific Food Products
66,Breakfast cereal,2022,1.4934272760956175,9.509492901992031,2.895190374501992,12400.22195037968,502.1027319211156,Specific Food Products
67,Brie,2022,19.139581434146343,64.27110320243902,22.454388370731703,36540.89867902439,1765.5485732682928,Specific Food Products
68,Broccoli,2022,0.8974015212121212,5.100618483333333,1.003502265151515,15385.286315757576,224.90420093939397,Specific Food Products
69,Butter,2022,3.324503183006536,10.512020058823529,3.619796747058824,6142.515251764706,271.5578883601307,Specific Food Products
70,Cabbage,2022,0.8902840710144927,6.198975268115942,0.8027023246376812,4601.958170434783,131.3118252753623,Specific Food Products
71,Caesar salad,2022,2.0791893426509587,7.299736039928152,2.7510760230856173,10911.911533060991,305.7663358366555,Specific Food Products
72,Camembert,2022,16.2814304627907,55.35831801627907,19.04435737906977,31867.99088069767,1529.7198416744186,Specific Food Products
73,Carrot cake,2022,2.0107220066666667,9.993259126666668,2.7843686,9749.652841333334,516.9922559333334,Specific Food Products
74,Carrots,2022,0.935163376,5.891146026,1.601823487,771.3227740399999,14.929848171,Specific Food Products
75,Cashew nuts,2022,2.087644250617284,19.293233460493827,11.720881622222224,163311.31540802467,3504.3436417283947,Specific Food Products
76,Cauliflower,2022,0.8917262454545455,5.936602212121212,0.788343706060606,5347.111227272727,136.93994,Specific Food Products
77,Cereal bars,2022,2.8533841636861315,13.805816670985402,5.560588325729928,27611.289422481757,843.372939739051,Specific Food Products
78,Cheddar cheese,2022,20.749044536746982,70.27357376686749,24.451037122891567,40220.710785301206,1939.913257493976,Specific Food Products
79,Cheesecake,2022,2.369301844444444,10.019227033333332,2.5869832,9076.589122222224,460.784719,Specific Food Products
80,Cherry tomatoes,2022,2.26636,6.075514615384615,0.930353076923077,7488.009862307694,318.56528153846165,Specific Food Products
81,Chia seeds,2022,1.2205535,5.994779433333334,3.4277066,7534.34843,210.9035453333333,Specific Food Products
82,Chicken breast,2022,9.272323308164042,37.36047302660441,9.220958918499807,13741.15923364835,563.9170655206422,Specific Food Products
83,Chicken burger,2022,5.434486845554163,22.52574303071907,6.053407499572316,9788.142590023816,379.126194083144,Specific Food Products
84,Chicken curry,2022,3.616545986208796,17.291542631529442,3.977668290601017,11147.176674665792,436.1916329416942,Specific Food Products
85,Chicken noodles,2022,2.383995704574977,11.324383145388806,3.3128930338534426,11734.065707382006,413.2280333568973,Specific Food Products
86,Chicken pasta,2022,2.946764556691817,12.371862595624613,3.575445120352258,10478.902281829203,309.9990519096519,Specific Food Products
87,Chicken sausages,2022,8.164302485896087,34.34878473681311,8.330555240951941,11978.280659897118,483.113586082556,Specific Food Products
88,Chicken thighs,2022,9.98188130190233,39.86821280761127,9.85175385800428,14026.462965891438,577.2318275568115,Specific Food Products
89,Chicken wings,2022,9.583456219515725,39.0156261054794,9.50696985655316,15450.919568777052,631.833950726057,Specific Food Products
90,Chickpeas,2022,1.3443528666666666,9.684822133333332,15.565608055555556,9747.767148888888,161.38535833333336,Specific Food Products
91,Chilli con carne,2022,13.54080492,189.0300262,28.30468467,27501.47005,1255.103151,Specific Food Products
92,Chocolate biscuits,2022,5.083679001818182,16.129481400909093,13.565422218484848,8165.851644251515,524.2583563018181,Specific Food Products
93,Chocolate cake,2022,3.9521178780487807,13.71324611707317,10.330807592682929,8974.30203804878,523.0234054121951,Specific Food Products
94,Chocolate cereals,2022,2.8776255585585586,13.323705987387386,7.379762667567568,30695.354600144143,899.7228275630631,Specific Food Products
95,Chocolate cheesecake,2022,4.900423833333333,14.9477962,6.511175266666667,7357.200605555556,483.7444498888888,Specific Food Products
96,Chocolate spread,2022,5.372300393750001,22.95709094375,9.384214210714283,42638.17254714286,1215.291286044643,Specific Food Products
97,Cider,2022,1.0816328666666666,3.1870563571428567,0.9052926666666667,12617.803884285717,242.7138398095238,Specific Food Products
98,Coconut milk,2022,3.319989781818182,2.1156408420454547,0.5452690261363636,14423.40927715909,217.22635669204547,Specific Food Products
99,Coconut oil,2022,0.5287412809523809,6.505340823809524,0.7344970952380951,6763.57605952381,345.98976047619044,Specific Food Products
100,Cod,2022,10.904109307377048,52.70093528852459,5.267857300819672,32541.33183688525,3177.812494180328,Specific Food Products
101,Cod fish fingers,2022,9.313181566197184,45.61889507323944,5.416457632394366,27708.404097183105,2659.096029859156,Specific Food Products
102,Cod fishcakes,2022,7.815675108333333,37.392831225,3.808557858333333,25225.575683333333,2213.3982791666667,Specific Food Products
103,Coffee beans,2022,16.824608285840707,65.44088258141592,19.39196396017699,229.0985863274336,16.213425538938054,Specific Food Products
104,Coffee pods,2022,20.29976355789473,76.7912479256579,13.771382379605264,2873.8087577763163,199.54930151578947,Specific Food Products
105,Cookies,2022,3.3572777805192344,14.74036539438248,7.1841136765092575,14563.952825779585,765.9077675918891,Specific Food Products
106,Cottage cheese,2022,25.278503140540536,85.78630901891891,29.91505998918919,49595.30732972973,2418.437820810811,Specific Food Products
107,Cottage pie,2022,11.851271288888888,173.7045951111111,24.564192800000004,22821.1221,1100.1531733333334,Specific Food Products
108,Courgettes,2022,0.846479423076923,2.9427011596153845,1.2674798173076924,27733.458076903844,322.9623508846154,Specific Food Products
109,Couscous,2022,1.1579787751631003,6.147697419967892,2.951479593207873,13862.811205845685,333.85393095861025,Specific Food Products
110,Cow's milk,2022,3.703236627327327,11.470646796996997,4.06814125945946,6564.578481351351,309.7745958618618,Specific Food Products
111,Cracker biscuits,2022,2.4484662921875,13.9996352453125,4.458004853125,18728.168233953907,787.9183487093751,Specific Food Products
112,Crisps,2022,3.031724447874016,32.28633896212599,7.525948306062991,11529.82911517638,420.95062989464566,Specific Food Products
113,Croissants,2022,1.6822277803614705,9.591091510877709,3.670050556025579,9674.86021421196,366.3367338005922,Specific Food Products
114,Cucumber,2022,0.8471137361163819,2.508988135357369,1.080248658570525,27682.78065612853,318.7814113004428,Specific Food Products
115,Dairy-free cheese,2022,1.976174015,11.73218946,4.213885965,68787.90944,1416.94984495,Specific Food Products
116,Dairy-free ice cream,2022,2.4511965433333334,8.904248579999999,3.487246816666667,8127.093552333334,407.8971621333334,Specific Food Products
117,Dark chocolate,2022,20.62003664137931,41.64075582068966,48.78823265344828,3196.4791863103446,301.4868316448276,Specific Food Products
118,Doughnuts,2022,2.199664934458113,7.435008776427133,3.038467878525881,6221.497015971316,252.75561714438595,Specific Food Products
119,Egg noodles,2022,1.3815115279411767,8.33485838382353,2.9990484029411766,9421.295975955882,273.119589775,Specific Food Products
120,Eggs,2022,4.436600070403587,19.98266117085202,6.824728514798206,29742.158764573986,830.0307519085202,Specific Food Products
121,Falafels,2022,1.098106175,12.311576100000002,6.5675244875,4303.70192875,81.75136895,Specific Food Products
122,Feta cheese,2022,14.838609167741934,50.18991671935484,17.472120806451613,28194.19296661613,1366.755041829032,Specific Food Products
123,Flapjack,2022,1.9476826133333331,11.800425521666668,3.994266948333333,8508.627858666667,473.4238545166667,Specific Food Products
124,Frozen chips (french fries),2022,0.7534718473684211,9.52157812631579,2.105976590789474,1796.4606835151314,49.58995175394737,Specific Food Products
125,Frozen jacket potatoes,2022,0.5175197588235294,4.566649652941177,1.1024362882352945,874.7261677058823,15.157336570588235,Specific Food Products
126,Frozen mashed potato,2022,0.8266427090909091,4.916698245454546,1.250121709090909,1349.0418352727272,45.348681118181815,Specific Food Products
127,Frozen onion rings,2022,0.7711746933333334,8.195520646666667,2.103162206666667,3483.442973333333,87.99821924666666,Specific Food Products
128,Frozen potato wedges,2022,0.66477544,7.282360853333333,1.68886116,1512.0090567333332,34.65756647333333,Specific Food Products
129,Frozen roast potatoes,2022,1.203417143902439,13.332376204878049,2.443412731707317,2611.2894863902443,100.72029047560976,Specific Food Products
130,Frozen sweet potato fries,2022,0.4098848176470587,6.744577435294117,1.967661623529412,8263.908129411766,110.32078095294118,Specific Food Products
131,Fruit cake,2022,3.452116065517241,9.602413343103448,2.203406451724138,14778.853921206895,551.0160840862069,Specific Food Products
132,Fruit smoothies,2022,1.6489147438016527,3.6714335892561984,1.2942647049586775,5162.963915884297,172.43288664586777,Specific Food Products
133,Garden peas,2022,1.00383673125,12.425872175000002,6.60847461875,24784.79111875,346.7919445625,Specific Food Products
134,Goat's cheese,2022,19.312073018867927,65.87334550188679,22.61793603962264,37119.24236773585,1782.2338281886796,Specific Food Products
135,Granola,2022,1.7811926156448203,15.093532882663848,5.141597698942918,18338.64540158562,499.27591250782245,Specific Food Products
136,Grapes,2022,8.278876373015873,4.925588680952381,1.5365324888888887,3122.2244565079363,46.54826160476191,Specific Food Products
137,Haddock risotto,2022,4.898891066666667,21.3072113,3.738225866666667,17220.136400000003,1172.09625,Specific Food Products
138,Halloumi cheese,2022,16.172452393333334,54.05539590666667,19.101110773333332,31598.03432633333,1534.2174020666666,Specific Food Products
139,Ice cream,2022,3.661809453757829,12.550810098329857,5.287275175574113,7961.440015457202,463.3415495217119,Specific Food Products
140,Ice lollies,2022,1.3143929375,8.102486424999999,1.9413439875000005,20251.384305833333,653.0928727916667,Specific Food Products
141,Instant coffee,2022,28.783641316666667,109.19572430588234,18.368179943137257,582.531205822549,43.0810012,Specific Food Products
142,Kale,2022,0.9034191734693876,6.329730410204082,0.8103920489795918,4714.708586122449,133.3457062857143,Specific Food Products
143,Kiwis,2022,1.6137066606060604,13.202448943939396,1.0652690893939394,13204.745031212122,726.6945575606062,Specific Food Products
144,Lamb (leg),2022,30.74094725519043,23.40692831449602,43.422118258673706,1019.9472640617188,88.01058658013702,Specific Food Products
145,Lamb Hotpot,2022,11.22625366261194,10.639524732741034,15.960923737882224,2636.497491266926,94.1239414820596,Specific Food Products
146,Lamb burgers,2022,26.92828869900683,21.02919381755111,38.0973729462661,2310.035002766529,106.4520233986762,Specific Food Products
147,Lamb casserole,2022,30.87731,23.50435,43.66,995.28,86.27000000000001,Specific Food Products
148,Lamb chops,2022,30.901992941176477,23.504929411764707,43.66,995.28,86.27000000000001,Specific Food Products
149,Lamb curry,2022,10.192564702241118,13.049658097931298,16.24347882138017,3309.17987385743,151.81605653753914,Specific Food Products
150,Lamb moussaka,2022,7.25916164,12.5042918,9.82535584,8521.204514,286.8188972,Specific Food Products
151,Lasagne sheets,2022,1.96138175,12.750267596551724,3.551825222413793,21190.656471024136,834.8795131862071,Specific Food Products
152,Lemons,2022,0.4701528599999999,1.6169002885714288,0.6113751457142858,9155.021509142856,123.2619118,Specific Food Products
153,Lentils,2022,2.536520218918919,27.72644895945946,27.474860575675677,746.9618568648649,14.314525478378378,Specific Food Products
154,Lettuce,2022,4.926023126492997,5.119083671540617,6.781334481008403,23105.835613994444,294.9870220729468,Specific Food Products
155,Limes,2022,0.4630078571428571,1.6172164285714286,0.6261871428571429,8802.706197857144,121.7007714285714,Specific Food Products
156,Macaroni cheese,2022,16.849313125000002,57.79138925,20.686935125,36337.255525,1668.2072232500002,Specific Food Products
157,Mackerel,2022,13.606384471999998,63.7540337,5.801549458,39541.631164000006,3961.7235294,Specific Food Products
158,Marmalade,2022,1.5489212745945946,13.646863607567568,1.73009918,13067.233767351352,917.8675170248648,Specific Food Products
159,Meat pizza,2022,7.400659903436843,33.68068273737219,8.356963704511628,29485.73139845547,883.3655337994494,Specific Food Products
160,Meat-free burger,2022,1.0183294723880598,9.036999479850746,3.797216135820896,9440.000487179104,211.81026189179104,Specific Food Products
161,Meat-free mince,2022,0.8770376238095239,9.005541723809523,5.802559076190476,7431.131521552381,107.6329106,Specific Food Products
162,Meat-free nuggets,2022,0.8618467304347827,4.044626573913044,1.9581447956521745,18010.28020217391,251.34492595652176,Specific Food Products
163,Meat-free sausages,2022,0.9625576706896553,7.423425129310345,3.720544686206897,10216.00446948276,173.4083564948276,Specific Food Products
164,Melon,2022,1.0565359743589744,11.07363856923077,0.987464335897436,11885.66284205128,619.1902868205128,Specific Food Products
165,Milk chocolate,2022,10.800274824937029,26.79452401234257,17.273873918891688,8151.760939193955,551.84745321335,Specific Food Products
166,Mixed salad,2022,0.9209,2.4391416666666665,1.1609733333333332,28975.097833333333,343.0868683333333,Specific Food Products
167,Mozzarella cheese,2022,16.233199963265307,55.03168965510205,19.06128553673469,31345.40732755102,1507.3516586734693,Specific Food Products
168,Muesli,2022,2.271910570798898,10.505155971900829,3.953067796418732,13749.667275096415,343.1821637628099,Specific Food Products
169,Muffins,2022,2.5836309558468336,9.15721534180717,3.076159288199736,7872.708162680708,412.9297207973426,Specific Food Products
170,Mushrooms,2022,2.3529166740331493,13.401495345303868,2.8723417099447515,87304.04857182321,1459.0838797513811,Specific Food Products
171,Naan,2022,1.0132342196078432,5.372518245098039,2.2928056901960785,8656.553853921569,282.89760349019605,Specific Food Products
172,Nut loaf,2022,0.7161309571428571,5.724987371428572,2.004030042857143,48441.68058571428,885.1011361428572,Specific Food Products
173,Oat milk,2022,0.4532805909090909,1.4349203068181815,0.52687415,811.5056176818182,14.491945377272726,Specific Food Products
174,Olive oil,2022,5.184628231372549,34.26383608039216,21.707958043137253,109146.2891882353,1411.242442745098,Specific Food Products
175,Onions,2022,0.3628603477707006,1.5376792522292992,0.3953572643312102,315.7615157006369,53.86059318025478,Specific Food Products
176,Orange juice,2022,0.4888484060085837,2.1838116137339054,0.7052967030042918,6888.851487107296,142.6926414695279,Specific Food Products
177,Oranges,2022,0.4665495395348837,1.5969830255813957,0.6664983744186047,7715.904773720931,115.53649513953488,Specific Food Products
178,Pain au chocolat,2022,2.8095122264047983,9.584183133761815,4.828993310673254,7522.756968240794,307.2127896754602,Specific Food Products
179,Pancakes,2022,1.5478088875481386,7.8266204628133265,2.441447486533516,8778.749784460419,340.55935759070064,Specific Food Products
180,Parmesan cheese,2022,24.016479826923074,80.51443177692308,28.24949643076923,46478.717165,2253.2114089615384,Specific Food Products
181,Parsnips,2022,0.989606512,6.199973040000001,1.809350044,1110.5161798,12.653977848,Specific Food Products
182,Pasta shells,2022,1.0255827666666666,6.038768866666668,3.5033247666666667,12889.329933333334,333.5653423333333,Specific Food Products
183,Peanut butter,2022,3.434960202255639,14.59059597443609,8.694059591729324,97613.0311925564,2618.9188445639097,Specific Food Products
184,Peanuts,2022,3.1462268521739127,16.732099910869564,8.310863473913043,74295.36079086957,2169.6548552608697,Specific Food Products
185,Pears,2022,0.9255553739583332,13.826378133333332,1.0134629541666669,14139.939864895832,783.3454527291667,Specific Food Products
186,Pecan nuts,2022,2.5159416210526317,19.34034916315789,11.730031494736844,132414.07337368422,3046.9752990526317,Specific Food Products
187,Penne pasta,2022,1.6251067503703704,11.136437193333332,3.7357361029629623,16664.938564404445,614.1643332614815,Specific Food Products
188,Peppers,2022,0.9186621428571428,2.674729285714286,1.2399449999999992,32159.961357142853,362.9267492857144,Specific Food Products
189,Pineapple,2022,0.9320080325,14.002615029999998,1.01530539,14274.44631,793.0396442,Specific Food Products
190,Pitta bread,2022,0.5635607857142857,4.0814917714285714,1.8040658357142856,4853.897026114286,134.3955014857143,Specific Food Products
191,Popcorn,2022,1.813625906,8.917384885333332,3.1817772333333334,8631.517364733334,316.845053608,Specific Food Products
192,Poppadoms,2022,1.50061802,22.66945672,4.95539256,7616.897846,293.5786351333333,Specific Food Products
193,Pork chops,2022,12.163890844686144,76.00038775211395,17.308312471421083,57088.76903928168,1642.005709044881,Specific Food Products
194,Pork loin,2022,11.976514490174353,75.59216611122159,16.46357889728122,57525.90422817709,1611.1902953818817,Specific Food Products
195,Pork sausage rolls,2022,6.186894384955056,34.124387508704494,7.92593466423641,28143.643626256,783.4298074990559,Specific Food Products
196,Pork sausages,2022,9.76787802021892,60.90160707071434,13.559548049646155,45559.16489329039,1292.2172244383887,Specific Food Products
197,Porridge (oatmeal),2022,1.555169024137931,10.481901432471265,4.985335013218391,8600.315522241379,232.5652970258621,Specific Food Products
198,Potato croquettes,2022,0.7742251222222223,4.630590455555555,1.4070545888888888,2664.93791,71.9184978,Specific Food Products
199,Potatoes,2022,0.2072761620938628,1.440415094223827,0.804448725631769,7340.237185732853,80.8085800624549,Specific Food Products
200,Prawn crackers,2022,4.93285324,53.65846023499999,5.467811935,25995.93342,815.87152485,Specific Food Products
201,Prawns,2022,20.91128278264463,154.76684614710746,1.0171648834710745,112126.91242396696,3197.153872785124,Specific Food Products
202,Protein bar,2022,3.3728507866666666,12.169021724444445,11.128268446666668,67106.94949622222,1423.9165438488888,Specific Food Products
203,Protein shake,2022,1.7437289185185187,7.090676822222221,5.642653148148148,6877.318103333333,322.9014169259259,Specific Food Products
204,Pumpkin seeds,2022,1.3239754169230769,5.709214653846154,3.336552010769231,7409.417526923078,212.6054338307692,Specific Food Products
205,Quiche,2022,4.666832655555556,18.21115841111111,5.589517788888889,12242.389093333331,455.8618671111111,Specific Food Products
206,Quinoa,2022,1.1386422326086956,5.669842854347826,3.231874423913044,7388.279832173914,210.35475422173917,Specific Food Products
207,Rapeseed oil,2022,3.288695422222222,15.363705222222222,7.214231961111111,3755.4483977777777,88.67183560555554,Specific Food Products
208,Raspberries,2022,8.3709720025,4.9609239975,1.5448360025000003,3090.698624000001,45.713304,Specific Food Products
209,Raspberry jam,2022,5.107337593055555,14.228613005555555,1.958810109722222,11008.5771725,786.81067525,Specific Food Products
210,Rice,2022,3.925909801226994,26.451045927198365,2.9366605355828224,43467.18888476688,2114.437865009407,Specific Food Products
211,Rice milk,2022,1.4417970766666668,5.668575343333334,0.5183953633333334,9387.363546666667,474.1513327333333,Specific Food Products
212,Rice noodles,2022,3.411126114285714,22.400583966666662,2.4880236619047618,38578.81926190476,1869.5568466190475,Specific Food Products
213,Ricotta cheese,2022,16.294973589473685,55.20656814210526,18.968722342105263,33023.84304736842,1549.2425105263158,Specific Food Products
214,Salmon,2022,10.412581473563218,57.76319110919541,4.7479583689655165,13113.2553045977,1360.675370678161,Specific Food Products
215,Salmon fishcakes,2022,6.505734658333333,35.13801746666667,3.360536633333333,12596.077404999998,1074.9294263333334,Specific Food Products
216,Sausage rolls,2022,5.849549300000001,33.48887201428572,7.839798642857144,27457.92351428572,779.4442135714287,Specific Food Products
217,Shepherd's pie,2022,7.737124814285714,8.490628,11.04638827142857,2672.6386914285717,74.28052877142856,Specific Food Products
218,Shortbread biscuits,2022,2.223782583333333,11.522117616666668,3.0729300000000004,9510.628866666668,514.0502986666667,Specific Food Products
219,Sourdough bread,2022,0.851167273619632,5.415048952760736,2.371923044785276,8694.92046395092,248.65015546625767,Specific Food Products
220,Soy desert,2022,1.0872644037037036,6.153635044444444,1.979015255555556,2670.49205,289.26426044444446,Specific Food Products
221,Soy milk,2022,0.8931078380434783,2.75337799057971,0.8736948463768117,685.6844249615942,50.47613662572464,Specific Food Products
222,Soy yoghurt,2022,0.4960198166666666,3.602947613888889,1.0238125444444444,3004.15248625,196.36602355555556,Specific Food Products
223,Spaghetti,2022,1.6460149465648857,11.099124530534352,3.8149462610687017,13985.7050805687,500.9899480885497,Specific Food Products
224,Spaghetti bolognese,2022,7.83470288,96.66471189,15.15967888,20838.93658,844.7613337999999,Specific Food Products
225,Spinach,2022,1.0091279447881063,2.5686207456015224,0.9922938889942162,11379.193479893987,269.9605126595278,Specific Food Products
226,Sponge cake,2022,1.8774483782608695,9.037613947826086,2.395599504347826,9002.760913043478,487.8855319565218,Specific Food Products
227,Steak pie,2022,7.10186367,91.04132639,14.10315367,17743.36035,727.7406384,Specific Food Products
228,Strawberries,2022,3.241715,3.8288125,3.44723,12006.428495,349.2011275,Specific Food Products
229,Strawberry jam,2022,2.5966625545454547,13.649316547272726,2.968536572727273,15682.252042454546,949.7015981818184,Specific Food Products
230,Sugar,2022,1.851685668181818,17.230218131818184,2.153669372727273,11123.746327272727,1202.390047272727,Specific Food Products
231,Sunflower oil,2022,3.6613972142857145,88.05763412142858,19.461267114285715,1279.4895827857144,23.193771392857144,Specific Food Products
232,Sunflower seeds,2022,1.9344241125,49.43456511875,10.97975300625,812.8472519375,14.26395734375,Specific Food Products
233,Sweetcorn,2022,0.9712034777777776,4.068735271428571,2.082797161904762,7993.130957301588,157.23502601587302,Specific Food Products
234,Tea,2022,17.621043520156775,66.70887755240761,23.65968258174692,2563.3420540940647,62.435396881746925,Specific Food Products
235,Tofu,2022,1.0208654566666666,5.546511616666667,3.0348171733333333,1032.4459432366666,31.183341956666663,Specific Food Products
236,Tomato ketchup,2022,2.609794211941467,10.31409548192206,1.667763272560234,9008.075734236276,494.9507034273989,Specific Food Products
237,Tomatoes,2022,2.271515456192983,6.023792182842104,0.8890183432280702,4959.105277929035,291.66502367098246,Specific Food Products
238,Tortilla wraps,2022,0.9485836666666668,5.00320215,2.2561128055555555,8711.003174444446,231.8360277777778,Specific Food Products
239,Tuna,2022,13.075354910344828,61.55072598965517,5.521839813793104,38556.18244137931,3771.402305517241,Specific Food Products
240,Vegan pizza,2022,1.948103649147688,9.80242409989759,2.0462173942128974,10612.184940256871,293.8913807509125,Specific Food Products
241,Vegetable lasagne,2022,3.3761406499999995,11.851330391666666,4.149298441666667,11075.302178333332,382.99411375,Specific Food Products
242,Vegetarian chilli con carne,2022,1.4292908166666665,6.719541133333333,3.4693256,5549.590148333333,152.48299683333337,Specific Food Products
243,Vegetarian curry,2022,1.3091650341463414,7.350095031707317,2.275063980487805,13161.39969902439,374.7971273170732,Specific Food Products
244,Vegetarian pizza,2022,5.232975720133187,20.05362059683829,6.520732042668087,14237.87038094407,579.2531132803676,Specific Food Products
245,Walnuts,2022,2.4163077789473686,18.742979681578944,11.875851828947368,160556.43612526316,3458.072291255263,Specific Food Products
246,Watermelon,2022,0.96940275,13.1226165,1.0098785,13528.7474105,743.3134685,Specific Food Products
247,Wine,2022,1.7228808271791285,4.642553932935244,4.333115946277149,1925.6693236056367,93.53537938491966,Specific Food Products
248,Yoghurt,2022,3.1118107311672683,9.961395655054153,3.2097209967509026,6595.917073498616,311.7499471739471,Specific Food Products
